EmployeeID,FirstName,LastName,Role,HireDate
1,Emp1,Worker1,Baker,03/06/2024
2,Emp2,Worker2,Baker,29/08/2023
3,Emp3,Worker3,Baker,20/11/2021
4,Emp4,Worker4,Baker,16/06/2020
5,Emp5,Worker5,Baker,17/02/2021
6,Emp6,Worker6,Baker,04/05/2021
7,Emp7,Worker7,Baker,03/05/2021
8,Emp8,Worker8,Baker,18/02/2021
9,Emp9,Worker9,Baker,04/03/2022
10,Emp10,Worker10,Baker,18/06/2020
11,Emp11,Worker11,Baker,13/12/2022
12,Emp12,Worker12,Baker,28/07/2023
13,Emp13,Worker13,Baker,05/02/2024
14,Emp14,Worker14,Baker,10/11/2024
15,Emp15,Worker15,Baker,11/09/2022
16,Emp16,Worker16,Baker,22/07/2024
17,Emp17,Worker17,Baker,21/06/2020
18,Emp18,Worker18,Baker,11/02/2024
19,Emp19,Worker19,Baker,12/05/2022
20,Emp20,Worker20,Baker,19/12/2021
21,Emp21,Worker21,Baker,26/09/2020
22,Emp22,Worker22,Baker,11/06/2022
23,Emp23,Worker23,Baker,05/06/2021
24,Emp24,Worker24,Baker,31/12/2023
25,Emp25,Worker25,Baker,18/06/2021
26,Emp26,Worker26,Baker,07/07/2024
27,Emp27,Worker27,Baker,18/09/2022
28,Emp28,Worker28,Baker,12/12/2022
29,Emp29,Worker29,Baker,15/03/2022
30,Emp30,Worker30,Baker,17/08/2022
31,Emp31,Worker31,Baker,03/11/2021
32,Emp32,Worker32,Baker,17/04/2023
33,Emp33,Worker33,Baker,16/07/2021
34,Emp34,Worker34,Baker,23/06/2024
35,Emp35,Worker35,Baker,24/04/2022
36,Emp36,Worker36,Baker,16/12/2024
37,Emp37,Worker37,Baker,11/05/2021
38,Emp38,Worker38,Baker,28/02/2020
39,Emp39,Worker39,Baker,12/03/2024
40,Emp40,Worker40,Baker,28/06/2023
41,Emp41,Worker41,Baker,12/05/2020
42,Emp42,Worker42,Baker,09/09/2021
43,Emp43,Worker43,Baker,15/08/2020
44,Emp44,Worker44,Baker,02/05/2020
45,Emp45,Worker45,Baker,21/08/2022
46,Emp46,Worker46,Baker,27/01/2023
47,Emp47,Worker47,Baker,07/07/2024
48,Emp48,Worker48,Baker,30/10/2023
49,Emp49,Worker49,Baker,18/12/2020
50,Emp50,Worker50,Baker,25/10/2024
51,Emp51,Worker51,Baker,15/06/2021
52,Emp52,Worker52,Baker,11/02/2020
53,Emp53,Worker53,Baker,26/08/2023
54,Emp54,Worker54,Baker,05/09/2020
55,Emp55,Worker55,Baker,08/08/2021
56,Emp56,Worker56,Baker,03/08/2022
57,Emp57,Worker57,Baker,07/12/2024
58,Emp58,Worker58,Baker,15/01/2020
59,Emp59,Worker59,Baker,06/09/2022
60,Emp60,Worker60,Baker,03/07/2024
61,Emp61,Worker61,Baker,01/02/2021
62,Emp62,Worker62,Baker,26/04/2021
63,Emp63,Worker63,Baker,26/07/2020
64,Emp64,Worker64,Baker,02/02/2024
65,Emp65,Worker65,Baker,01/03/2020
66,Emp66,Worker66,Baker,29/09/2021
67,Emp67,Worker67,Baker,22/08/2020
68,Emp68,Worker68,Baker,11/10/2022
69,Emp69,Worker69,Baker,14/12/2020
70,Emp70,Worker70,Baker,04/07/2024
71,Emp71,Worker71,Baker,17/06/2021
72,Emp72,Worker72,Baker,06/01/2020
73,Emp73,Worker73,Baker,06/03/2021
74,Emp74,Worker74,Baker,23/11/2023
75,Emp75,Worker75,Baker,31/07/2023
76,Emp76,Worker76,Baker,27/01/2020
77,Emp77,Worker77,Baker,29/01/2020
78,Emp78,Worker78,Baker,19/07/2023
79,Emp79,Worker79,Baker,30/10/2020
80,Emp80,Worker80,Baker,18/08/2024
81,Emp81,Worker81,Baker,04/12/2023
82,Emp82,Worker82,Baker,16/07/2023
83,Emp83,Worker83,Baker,16/03/2023
84,Emp84,Worker84,Baker,23/03/2020
85,Emp85,Worker85,Baker,25/02/2022
86,Emp86,Worker86,Baker,15/06/2024
87,Emp87,Worker87,Baker,12/08/2021
88,Emp88,Worker88,Baker,15/07/2021
89,Emp89,Worker89,Baker,01/06/2021
90,Emp90,Worker90,Baker,29/10/2023
91,Emp91,Worker91,Baker,28/06/2023
92,Emp92,Worker92,Baker,14/09/2022
93,Emp93,Worker93,Baker,17/06/2021
94,Emp94,Worker94,Baker,09/08/2022
95,Emp95,Worker95,Baker,22/06/2023
96,Emp96,Worker96,Baker,10/08/2024
97,Emp97,Worker97,Baker,13/12/2024
98,Emp98,Worker98,Baker,19/06/2021
99,Emp99,Worker99,Baker,26/12/2020
100,Emp100,Worker100,Baker,19/06/2020
101,Emp101,Worker101,Baker,14/09/2023
102,Emp102,Worker102,Baker,31/03/2021
103,Emp103,Worker103,Baker,07/05/2024
104,Emp104,Worker104,Baker,24/06/2020
105,Emp105,Worker105,Baker,30/01/2021
106,Emp106,Worker106,Baker,07/04/2024
107,Emp107,Worker107,Baker,19/11/2021
108,Emp108,Worker108,Baker,22/02/2022
109,Emp109,Worker109,Baker,20/10/2021
110,Emp110,Worker110,Baker,21/03/2024
111,Emp111,Worker111,Baker,03/05/2021
112,Emp112,Worker112,Baker,26/03/2021
113,Emp113,Worker113,Baker,15/05/2022
114,Emp114,Worker114,Baker,20/04/2023
115,Emp115,Worker115,Baker,12/10/2020
116,Emp116,Worker116,Baker,23/12/2024
117,Emp117,Worker117,Baker,30/05/2022
118,Emp118,Worker118,Baker,30/12/2023
119,Emp119,Worker119,Baker,14/08/2024
120,Emp120,Worker120,Baker,19/06/2021
121,Emp121,Worker121,Baker,18/12/2020
122,Emp122,Worker122,Baker,12/06/2021
123,Emp123,Worker123,Baker,17/12/2023
124,Emp124,Worker124,Baker,16/10/2024
125,Emp125,Worker125,Baker,16/06/2024
126,Emp126,Worker126,Baker,21/01/2020
127,Emp127,Worker127,Baker,02/04/2022
128,Emp128,Worker128,Baker,16/04/2022
129,Emp129,Worker129,Baker,20/08/2022
130,Emp130,Worker130,Baker,16/02/2022
131,Emp131,Worker131,Baker,25/02/2020
132,Emp132,Worker132,Baker,04/08/2023
133,Emp133,Worker133,Baker,04/05/2021
134,Emp134,Worker134,Baker,11/07/2020
135,Emp135,Worker135,Baker,24/06/2024
136,Emp136,Worker136,Baker,22/06/2020
137,Emp137,Worker137,Baker,17/01/2021
138,Emp138,Worker138,Baker,30/08/2023
139,Emp139,Worker139,Baker,17/02/2024
140,Emp140,Worker140,Baker,10/03/2022
141,Emp141,Worker141,Baker,07/04/2022
142,Emp142,Worker142,Baker,05/11/2021
143,Emp143,Worker143,Baker,10/02/2021
144,Emp144,Worker144,Baker,15/12/2020
145,Emp145,Worker145,Baker,20/12/2021
146,Emp146,Worker146,Baker,22/01/2020
147,Emp147,Worker147,Baker,12/11/2020
148,Emp148,Worker148,Baker,18/02/2020
149,Emp149,Worker149,Baker,24/02/2021
150,Emp150,Worker150,Baker,14/07/2023
151,Emp151,Worker151,Baker,20/10/2022
152,Emp152,Worker152,Baker,22/03/2024
153,Emp153,Worker153,Baker,17/02/2023
154,Emp154,Worker154,Baker,13/11/2021
155,Emp155,Worker155,Baker,15/04/2021
156,Emp156,Worker156,Baker,15/02/2022
157,Emp157,Worker157,Baker,17/12/2023
158,Emp158,Worker158,Baker,30/10/2023
159,Emp159,Worker159,Baker,30/06/2020
160,Emp160,Worker160,Baker,11/06/2024
161,Emp161,Worker161,Baker,26/04/2020
162,Emp162,Worker162,Baker,10/12/2020
163,Emp163,Worker163,Baker,06/02/2022
164,Emp164,Worker164,Baker,07/07/2020
165,Emp165,Worker165,Baker,31/10/2024
166,Emp166,Worker166,Baker,02/08/2022
167,Emp167,Worker167,Baker,15/06/2021
168,Emp168,Worker168,Baker,20/06/2023
169,Emp169,Worker169,Baker,05/10/2020
170,Emp170,Worker170,Baker,31/12/2022
171,Emp171,Worker171,Baker,23/08/2020
172,Emp172,Worker172,Baker,22/11/2021
173,Emp173,Worker173,Baker,27/02/2023
174,Emp174,Worker174,Baker,29/01/2022
175,Emp175,Worker175,Baker,01/12/2023
176,Emp176,Worker176,Baker,04/03/2023
177,Emp177,Worker177,Baker,30/10/2021
178,Emp178,Worker178,Baker,15/11/2021
179,Emp179,Worker179,Baker,09/10/2021
180,Emp180,Worker180,Baker,16/11/2020
181,Emp181,Worker181,Baker,21/12/2022
182,Emp182,Worker182,Baker,09/08/2023
183,Emp183,Worker183,Baker,04/04/2022
184,Emp184,Worker184,Baker,20/12/2020
185,Emp185,Worker185,Baker,25/09/2023
186,Emp186,Worker186,Baker,15/11/2023
187,Emp187,Worker187,Baker,06/03/2021
188,Emp188,Worker188,Baker,13/02/2022
189,Emp189,Worker189,Baker,02/04/2024
190,Emp190,Worker190,Baker,15/09/2024
191,Emp191,Worker191,Baker,06/07/2023
192,Emp192,Worker192,Baker,25/09/2021
193,Emp193,Worker193,Baker,21/09/2022
194,Emp194,Worker194,Baker,03/02/2024
195,Emp195,Worker195,Baker,27/09/2023
196,Emp196,Worker196,Baker,07/04/2023
197,Emp197,Worker197,Baker,12/11/2024
198,Emp198,Worker198,Baker,06/02/2024
199,Emp199,Worker199,Baker,20/05/2020
200,Emp200,Worker200,Baker,08/04/2020
201,Emp201,Worker201,Baker,06/06/2021
202,Emp202,Worker202,Baker,08/04/2023
203,Emp203,Worker203,Baker,16/02/2021
204,Emp204,Worker204,Baker,10/11/2024
205,Emp205,Worker205,Baker,02/03/2022
206,Emp206,Worker206,Baker,28/08/2021
207,Emp207,Worker207,Baker,11/07/2024
208,Emp208,Worker208,Baker,26/02/2024
209,Emp209,Worker209,Baker,14/01/2023
210,Emp210,Worker210,Baker,18/10/2022
211,Emp211,Worker211,Baker,15/06/2024
212,Emp212,Worker212,Baker,08/11/2021
213,Emp213,Worker213,Baker,31/10/2023
214,Emp214,Worker214,Baker,19/09/2020
215,Emp215,Worker215,Baker,08/01/2024
216,Emp216,Worker216,Baker,13/11/2022
217,Emp217,Worker217,Baker,01/05/2020
218,Emp218,Worker218,Baker,26/03/2020
219,Emp219,Worker219,Baker,20/03/2023
220,Emp220,Worker220,Baker,14/04/2021
221,Emp221,Worker221,Baker,29/08/2023
222,Emp222,Worker222,Baker,14/08/2023
223,Emp223,Worker223,Baker,06/05/2024
224,Emp224,Worker224,Baker,11/12/2021
225,Emp225,Worker225,Baker,15/10/2022
226,Emp226,Worker226,Baker,16/03/2023
227,Emp227,Worker227,Baker,08/10/2021
228,Emp228,Worker228,Baker,22/05/2023
229,Emp229,Worker229,Baker,16/08/2022
230,Emp230,Worker230,Baker,11/09/2023
231,Emp231,Worker231,Baker,29/04/2021
232,Emp232,Worker232,Baker,31/12/2023
233,Emp233,Worker233,Baker,15/03/2020
234,Emp234,Worker234,Baker,26/06/2024
235,Emp235,Worker235,Baker,07/07/2022
236,Emp236,Worker236,Baker,15/05/2023
237,Emp237,Worker237,Baker,02/09/2020
238,Emp238,Worker238,Baker,05/08/2021
239,Emp239,Worker239,Baker,15/12/2022
240,Emp240,Worker240,Baker,18/11/2022
241,Emp241,Worker241,Baker,15/08/2023
242,Emp242,Worker242,Baker,30/04/2024
243,Emp243,Worker243,Baker,04/03/2024
244,Emp244,Worker244,Baker,21/03/2023
245,Emp245,Worker245,Baker,31/03/2020
246,Emp246,Worker246,Baker,28/04/2024
247,Emp247,Worker247,Baker,24/11/2023
248,Emp248,Worker248,Baker,29/12/2022
249,Emp249,Worker249,Baker,29/01/2022
250,Emp250,Worker250,Baker,01/11/2022
251,Emp251,Worker251,Baker,14/07/2024
252,Emp252,Worker252,Baker,08/08/2023
253,Emp253,Worker253,Baker,26/11/2021
254,Emp254,Worker254,Baker,23/10/2023
255,Emp255,Worker255,Baker,02/03/2020
256,Emp256,Worker256,Baker,02/03/2023
257,Emp257,Worker257,Baker,05/02/2021
258,Emp258,Worker258,Baker,04/02/2021
259,Emp259,Worker259,Baker,05/12/2020
260,Emp260,Worker260,Baker,15/08/2024
261,Emp261,Worker261,Baker,15/09/2024
262,Emp262,Worker262,Baker,29/01/2022
263,Emp263,Worker263,Baker,21/01/2020
264,Emp264,Worker264,Baker,02/08/2020
265,Emp265,Worker265,Baker,02/05/2022
266,Emp266,Worker266,Baker,07/04/2021
267,Emp267,Worker267,Baker,01/09/2021
268,Emp268,Worker268,Baker,28/08/2022
269,Emp269,Worker269,Baker,27/03/2022
270,Emp270,Worker270,Baker,05/10/2023
271,Emp271,Worker271,Baker,16/04/2023
272,Emp272,Worker272,Baker,18/02/2024
273,Emp273,Worker273,Baker,09/09/2023
274,Emp274,Worker274,Baker,14/03/2021
275,Emp275,Worker275,Baker,17/12/2022
276,Emp276,Worker276,Baker,27/03/2023
277,Emp277,Worker277,Baker,01/04/2023
278,Emp278,Worker278,Baker,20/03/2020
279,Emp279,Worker279,Baker,07/09/2022
280,Emp280,Worker280,Baker,27/02/2024
281,Emp281,Worker281,Baker,30/06/2020
282,Emp282,Worker282,Baker,15/07/2021
283,Emp283,Worker283,Baker,04/07/2021
284,Emp284,Worker284,Baker,18/01/2023
285,Emp285,Worker285,Baker,20/10/2020
286,Emp286,Worker286,Baker,04/05/2023
287,Emp287,Worker287,Baker,17/07/2021
288,Emp288,Worker288,Baker,21/11/2020
289,Emp289,Worker289,Baker,12/01/2020
290,Emp290,Worker290,Baker,11/09/2020
291,Emp291,Worker291,Baker,28/08/2022
292,Emp292,Worker292,Baker,29/11/2020
293,Emp293,Worker293,Baker,29/04/2024
294,Emp294,Worker294,Baker,02/04/2021
295,Emp295,Worker295,Baker,21/08/2023
296,Emp296,Worker296,Baker,12/05/2024
297,Emp297,Worker297,Baker,14/05/2023
298,Emp298,Worker298,Baker,09/02/2024
299,Emp299,Worker299,Baker,27/11/2022
300,Emp300,Worker300,Baker,27/03/2024
301,Emp301,Worker301,Baker,03/07/2021
302,Emp302,Worker302,Baker,13/09/2021
303,Emp303,Worker303,Baker,08/02/2022
304,Emp304,Worker304,Baker,09/11/2020
305,Emp305,Worker305,Baker,29/03/2023
306,Emp306,Worker306,Baker,18/04/2023
307,Emp307,Worker307,Baker,27/02/2021
308,Emp308,Worker308,Baker,28/01/2024
309,Emp309,Worker309,Baker,23/01/2020
310,Emp310,Worker310,Baker,18/07/2023
311,Emp311,Worker311,Baker,20/02/2022
312,Emp312,Worker312,Baker,06/11/2024
313,Emp313,Worker313,Baker,02/09/2020
314,Emp314,Worker314,Baker,11/01/2023
315,Emp315,Worker315,Baker,29/03/2024
316,Emp316,Worker316,Baker,05/11/2022
317,Emp317,Worker317,Baker,27/09/2024
318,Emp318,Worker318,Baker,18/07/2023
319,Emp319,Worker319,Baker,06/04/2024
320,Emp320,Worker320,Baker,01/12/2022
321,Emp321,Worker321,Baker,10/02/2021
322,Emp322,Worker322,Baker,26/01/2021
323,Emp323,Worker323,Baker,16/06/2021
324,Emp324,Worker324,Baker,08/04/2020
325,Emp325,Worker325,Baker,16/09/2021
326,Emp326,Worker326,Baker,27/11/2024
327,Emp327,Worker327,Baker,11/11/2020
328,Emp328,Worker328,Baker,24/04/2022
329,Emp329,Worker329,Baker,13/11/2021
330,Emp330,Worker330,Baker,06/05/2024
331,Emp331,Worker331,Baker,02/11/2023
332,Emp332,Worker332,Baker,29/11/2024
333,Emp333,Worker333,Baker,26/01/2021
334,Emp334,Worker334,Baker,11/02/2021
335,Emp335,Worker335,Baker,25/07/2024
336,Emp336,Worker336,Baker,14/11/2020
337,Emp337,Worker337,Baker,28/04/2023
338,Emp338,Worker338,Baker,02/01/2020
339,Emp339,Worker339,Baker,05/07/2023
340,Emp340,Worker340,Baker,07/05/2021
341,Emp341,Worker341,Baker,26/06/2020
342,Emp342,Worker342,Baker,02/04/2024
343,Emp343,Worker343,Baker,25/11/2023
344,Emp344,Worker344,Baker,22/11/2020
345,Emp345,Worker345,Baker,12/02/2022
346,Emp346,Worker346,Baker,19/11/2023
347,Emp347,Worker347,Baker,21/08/2021
348,Emp348,Worker348,Baker,20/06/2024
349,Emp349,Worker349,Baker,26/04/2023
350,Emp350,Worker350,Baker,19/05/2022
351,Emp351,Worker351,Baker,19/07/2023
352,Emp352,Worker352,Baker,16/05/2022
353,Emp353,Worker353,Baker,02/02/2024
354,Emp354,Worker354,Baker,06/03/2020
355,Emp355,Worker355,Baker,18/11/2021
356,Emp356,Worker356,Baker,04/03/2022
357,Emp357,Worker357,Baker,24/06/2021
358,Emp358,Worker358,Baker,01/01/2023
359,Emp359,Worker359,Baker,28/01/2021
360,Emp360,Worker360,Baker,10/04/2021
361,Emp361,Worker361,Baker,03/05/2020
362,Emp362,Worker362,Baker,14/07/2023
363,Emp363,Worker363,Baker,16/07/2023
364,Emp364,Worker364,Baker,16/08/2022
365,Emp365,Worker365,Baker,06/12/2022
366,Emp366,Worker366,Baker,24/09/2020
367,Emp367,Worker367,Baker,04/06/2022
368,Emp368,Worker368,Baker,19/10/2022
369,Emp369,Worker369,Baker,10/01/2024
370,Emp370,Worker370,Baker,04/11/2020
371,Emp371,Worker371,Baker,03/08/2020
372,Emp372,Worker372,Baker,08/11/2022
373,Emp373,Worker373,Baker,26/01/2024
374,Emp374,Worker374,Baker,18/10/2020
375,Emp375,Worker375,Baker,09/10/2022
376,Emp376,Worker376,Baker,09/09/2023
377,Emp377,Worker377,Baker,22/05/2022
378,Emp378,Worker378,Baker,15/12/2023
379,Emp379,Worker379,Baker,06/09/2021
380,Emp380,Worker380,Baker,04/12/2023
381,Emp381,Worker381,Baker,21/06/2022
382,Emp382,Worker382,Baker,07/01/2020
383,Emp383,Worker383,Baker,30/06/2024
384,Emp384,Worker384,Baker,13/09/2022
385,Emp385,Worker385,Baker,17/05/2021
386,Emp386,Worker386,Baker,10/01/2020
387,Emp387,Worker387,Baker,16/12/2020
388,Emp388,Worker388,Baker,14/07/2020
389,Emp389,Worker389,Baker,06/10/2024
390,Emp390,Worker390,Baker,03/06/2021
391,Emp391,Worker391,Baker,05/11/2023
392,Emp392,Worker392,Baker,19/12/2024
393,Emp393,Worker393,Baker,27/05/2022
394,Emp394,Worker394,Baker,30/11/2024
395,Emp395,Worker395,Baker,30/10/2021
396,Emp396,Worker396,Baker,28/10/2024
397,Emp397,Worker397,Baker,10/12/2020
398,Emp398,Worker398,Baker,17/01/2022
399,Emp399,Worker399,Baker,22/02/2023
400,Emp400,Worker400,Baker,09/06/2023
